Name,1,2
Name,Levemete,Patch
"(Don't) Love the Skin You're In",Eloin,3.0
"246 Kinds of Cheese",T'mokkri,2.0
"5-bell Energy",Eirikur,5.0
"A Beneficent Elegy",Eirikur,5.0
"A Bile Business",Eustace,2.0
"A Budding Business",Eirikur,5.0
"A Cherry-red Herring",Eirikur,5.0
"A Chest of Nuts",Tierney,2.0
"A Clogful of Camaraderie",Gontrant,2.1
"A Cold-blooded Business",Kikiri,2.0
"A Cookie for Your Troubles",Eirikur,5.0
"A Crown for Every Head (L)",Eloin,3.0
"A Drag of a Doublet",Poponagu,2.0
"A Feast for the Senses",Eirikur,5.0
"A Feast in the Forest",Merthelin,2.0
"A Firm Hand",Orwen,2.0
"A Full Stomach",Muriaule,2.0
"A Gate Arcane Is Dragon's Bane (L)",Eloin,3.0
"A Glamourous Life",Orwen,2.0
"A Good Omen",Eirikur,5.0
"A Grape Idea",T'mokkri,2.0
"A Greater Grimoire",Eirikur,5.0
"A Guest for Supper",Qina Lyehga,2.0
"A Halo for Her Head",Eloin,3.0
"A Halonic Masquerade",Eloin,3.0
"A Happy End",Eirikur,5.0
"A Head of Demand",Eirikur,5.0
"A Heady Endeavor",Eirikur,5.0
"A Heart Aflame",Kikiri,2.0
"A Hit Job",Wyrkholsk,2.0
"A Jawbreaking Weapon of Staggering Weight",Eustace,2.0
"A Job Well Done",Eirikur,5.0
"A Kelping Hand",Wyrkholsk,2.0
"A Knack for Nicking",Keltraeng,4.0
"A Labor of Love",Eirikur,5.0
"A Leg to Stand On",T'mokkri,2.0
"A Leg Up on the Cold",Cimeaurant,2.0
"A Little Bird Told Me",Eustace,2.0
"A Little Constructive Exorcism",Cedrepierre,2.0
"A Long and Winding Road",Wyrkholsk,2.0
"A Magnanimous Refrain",Eirikur,5.0
"A Man's Gotta Dream",Poponagu,2.0
"A Matter of Import",Voilinaut,2.0
"A Matter of Vital Importance",Eustace,2.0
"A Miss and a Hit",Eirikur,5.0
"A Mixed Message",T'mokkri,2.0
"A Needle Is a Small Sword",Graceful Song,2.0
"A New Regular",Eirikur,5.0
"A Patch-up Place",Eustace,2.0
"A Place to Call Helm",Muriaule,2.0
"A Real Fungi",T'mokkri,2.0
"A Real Smooth Move",Voilinaut,2.0
"A Real Wingnut",Cedrepierre,2.0
"A Recipe for Disaster",Nahctahr,2.0
"A Reward Fitting of the Faithful",Eloin,3.0
"A Ringing Success",Graceful Song,2.0
"A Riveting Revival (L)",Eloin,3.0
"A Rush on Ringbands",Qina Lyehga,2.0
"A Shocking Soirée",Nyell,2.0
"A Shoe In",Eirikur,5.0
"A Shorlonging for the Familiar",Keltraeng,4.0
"A Show of Ice and Fire",Eloin,3.0
"A Shroom with a View",Tierney,2.0
"A Simple Solution",Poponagu,2.0
"A Sky Pirate's Life for Me (L)",Eloin,3.0
"A Slippery Slope",Eirikur,5.0
"A Spire for New Heights (L)",Eloin,3.0
"A Spoonful of Poison",Graceful Song,2.0
"A Spy in the House of Love",Nahctahr,2.0
"A Squire to Inspire",Eloin,3.0
"A Stash of Herbs",Cimeaurant,2.0
"A Stitch in Time",Keltraeng,4.0
"A Stronger Offense",Eirikur,5.0
"A Sword in Hand",Muriaule,2.0
"A Tall Odor",Swygskyf,2.0
"A Taste for Dalmaticae",Eustace,2.0
"A Taste of Their Own Medicine",Eloin,3.0
"A Tender Table",Eirikur,5.0
"A Thorn in One's Hide",Muriaule,2.0
"A Time for Peace",Eirikur,5.0
"A Toad Less Taken",K'leytai,2.0
"A Total Nut Job",T'mokkri,2.0
"A Tree Grew in Gridania",Gontrant,2.0
"A Turban for the Ages",Eirikur,5.0
"A Vine Finer than Twine",Muriaule,2.0
"A Watery Web of Lies",Nyell,2.0
"A Weighty Question",T'mokkri,2.0
"A Well-rounded Crew",Orwen,2.0
"A Whole Lot of Nope (L)",Eloin,3.0
"A Win-win Situation (L)",Eloin,3.0
"A Winning Combo",Voilinaut,2.0
"Abrupt Apprentices (L)",Eloin,3.0
"Actually, It's Loyalty ",Eustace,2.0
"Adamantoise Tears",Merthelin,2.0
"Adhesive of Antipathy",Eloin,3.0
"Adios, Ala Mhigo",Keltraeng,4.0
"Adventurers' Relish",Wyrkholsk,2.0
"Aetherquake",Eirikur,5.0
"After the Smock-down",Eustace,2.0
"Aim to Please",Eloin,3.0
"Ain't Got No Ingots",T'mokkri,2.0
"Ain't Nobody Got Time for Rats",Wyrkholsk,2.0
"Alembic Medals",Keltraeng,4.0
"Alive and Unwell",Eustace,2.0
"All Booked Up",Eustace,2.0
"All of These Bases Belong to Us (L)",Eloin,3.0
"All Ovo That",T'mokkri,2.0
"All That Glitters",Eustace,2.0
"All You Can Stomach",Keltraeng,4.0
"All's Fair in Highborn Assassination (L)",Eloin,3.0
"All-purpose Overgarments",Eirikur,5.0
"Allow No Fallacies (L)",Eloin,3.0
"Almost as Fun as Slingshotting Birds",Eloin,3.0
"Always Have an Exit Plan",Eustace,2.0
"Always Right",Nahctahr,2.0
"Amaro Kart",Eirikur,5.0
"Amateur Hour",Eidhart,2.0
"An Account of My Apron",Eloin,3.0
"An Expected Tourney",Gontrant,2.0
"An Eye for Healing",Eirikur,5.0
"An Imp Mobile",Lodille,2.0
"An Offer We Can't Refuse",Eustace,2.0
"Analysis of Paralysis",Eloin,3.0
"Anatomy of a Drill Bit",Eloin,3.0
"And a Haircut Wouldn't Hurt",K'leytai,2.0
"And My Axe",Keltraeng,4.0
"And Then There Were None",Blue Herring,2.0
"Angling for Ailments (L)",Eloin,3.0
"Another Egg Gone",Ourawann,2.0
"Another Man's Ink",Eirikur,5.0
"Anutha Spatha",T'mokkri,2.0
"Apparent Apparel",Keltraeng,4.0
"Appeal of Foreign Apparel (L)",Eloin,3.0
"Appeasing the Astromancer",Eloin,3.0
"Appetite for Abduction",Aileen,2.0
"Appleanche",Nyell,2.0
"Arcane Arts for Dummies",Voilinaut,2.0
"Armoires of the Rich and Famous",Gontrant,2.0
"Arms for the Poor",Eustace,2.0
"Art Imitates Life",Keltraeng,4.0
"As Above, Below",Wyrkholsk,2.1
"As the Bolt Flies",Eloin,3.0
"As the Worm Turns",Gontrant,2.0
"Asking for a Friend",Keltraeng,4.0
"At the Gates",Swygskyf,2.0
"At Your Neck and Call",Eirikur,5.0
"Attack on Titanium (L)",Eloin,3.0
"Aurochs Star",T'mokkri,2.0
"Automata for the People",Eustace,2.0
"Awash in Evidence",K'leytai,2.0
"Awl about Who You Know",T'mokkri,2.0
"Awl or Nothing",T'mokkri,2.0
"Axe Me Anything",Wyrkholsk,2.0
"Axe to Grind",Keltraeng,4.0
"Baby, Light My Way",Nyell,2.0
"Back in the Band",Qina Lyehga,2.0
"Back Stronger",Eirikur,5.0
"Bad Bromance",Graceful Song,2.0
"Bad Guys Eat Brass",Poponagu,2.0
"Bad to the Bone",Eustace,2.0
"Bae Blade",Eirikur,5.0
"Bamboozled",Keltraeng,4.0
"Band Substances",Eirikur,5.0
"Bar of the Bannermen",Eloin,3.0
"Bareback Riding (L)",Eloin,3.0
"Barking Up the Right Tree",Keltraeng,4.0
"Barley Legal",Orwen,2.0
"Barmy for Ballistas",Eirikur,5.0
"Barring the Gates to Foundation",Eloin,3.0
"Bead 'Em Up",Keltraeng,4.0
"Beak to Beak",Totonowa,2.0
"Bearing of the Blue",Eloin,3.0
"Bearing the Brunt (L)",Eloin,3.0
"Beasts of Bourbon",Orwen,2.0
"Beech, Please",Keltraeng,4.0
"Behind the Mask",Gontrant,2.0
"Belle of the Brawl",Eloin,3.0
"Belly Up",Nyell,2.0
"Below Tradition's Belt (L)",Eloin,3.0
"Belt Up",Tierney,2.0
"Belting Out the Low Notes (L)",Eloin,3.0
"Belts Served Cold",Gontrant,2.0
"Bend It Like Durendaire",Cimeaurant,2.0
"Berries Got Bucked",Graceful Song,2.0
"Best Served Toad",Gontrant,2.0
"Best-laid Planispheres",Keltraeng,4.0
"Bet You Anything",Nyell,2.0
"Better Come Back with a Sandwich (L)",Eloin,3.0
"Better Four Eyes than None",Totonowa,2.0
"Better Shroud than Sorry",Eustace,2.0
"Big Business",Eirikur,5.0
"Big in Mor Dhona",K'leytai,2.1
"Big, Bad Idea",K'leytai,2.0
"Birch, Please",Eloin,3.0
"Birds of a Feather",Nahctahr,2.0
"Birth Ring",Eirikur,5.0
"Black Market Down",Merthelin,2.0
"Bleeding Out",Eloin,3.0
"Bleeding Them Dry",Nahctahr,2.0
"Blending In (L)",Eloin,3.0
"Blind Ambition",Nyell,2.0
"Blind Man's Bluff",Nyell,2.0
"Blinded by the Wight",Cedrepierre,2.0
"Blinded Veil of Vigilance (L)",Eloin,3.0
"Blood in the Water (68)",Keltraeng,4.0
"Blood in the Water",Kikiri,2.0
"Bloodspot (L)",Eloin,3.0
"Bloody Good Tart, This",T'mokkri,2.0
"Blow-up Incubator",Rurubana,2.0
"Blue of Sky and Sea (L)",Eloin,3.0
"Bold and Blue",Eloin,3.0
"Book and a Hard Place",Eustace,2.0
"Booty Call",K'leytai,2.0
"Bounty of Sky, Bounty of Earth",Eloin,3.0
"Bow Down to Magic",K'leytai,2.1
"Bowing Out",Muriaule,2.0
"Bowing to Greater Power",K'leytai,2.0
"Bowing to Necessity",Qina Lyehga,2.0
"Bows for the Boys",Gontrant,2.0
"Brace Yourselves",Keltraeng,4.0
"Bracelet for Impact",Keltraeng,4.0
"Brain Candy",Swygskyf,2.0
"Brain Food",T'mokkri,2.0
"Breach and Build",Voilinaut,2.0
"Bread in the Clouds",T'mokkri,2.0
"Break It Up",Totonowa,2.0
"Breakfast of Champions",Eloin,3.0
"Breaking Beacons (L)",Eloin,3.0
"Breathe Deeply",Eloin,3.0
"Breeches of Trust",Eirikur,5.0
"Briar in the Hole",Qina Lyehga,2.0
"Bridges of Qiqirn Country",Blue Herring,2.0
"Brimming with Confidence",Keltraeng,4.0
"Bring Me the Head Knife of Al'bedo Derssia",T'mokkri,2.0
"Bronzed and Burnt",T'mokkri,2.0
"Brother in Arms",Voilinaut,2.0
"Brothers in Arms",Eustace,2.0
"Bud Bait",Aileen,2.0
"Bug Bites",Wyrkholsk,2.0
"Bug Looks Like a Lady",Wyrkholsk,2.0
"Built This City on Blocks and Soul (L)",Eloin,3.0
"Built to Last",Eirikur,5.0
"Bulking Up",Eirikur,5.0
"Bump in the Night",Tierney,2.0
"Bundle Up, It's Odd out There",K'leytai,2.0
"Burn It Down",Cedrepierre,2.0
"Burn Me Up",Graceful Song,2.0
"Burning the Midnight Oil",Eustace,2.0
"Butter Me Up",Wyrkholsk,2.0
"By the Seat of the Pants",Eustace,2.0
"By the Short Hairs",Eustace,2.0
"Call Me Mating",Nahctahr,2.0
"Campaign in the Membrane",Nyell,2.1
"Can You Spare a Dolabra",T'mokkri,2.0
"Can't Eat Just One",Eirikur,5.0
"Can't Say No to Gnat", Qina Lyehga,2.0
"Can't Sleep, Inquisitors Will Eat Me",Eloin,3.0
"Can't Start a Fire",Nyell,2.0
"Catch My Drift",Cimeaurant,2.0
"Catching an Earful",Eirikur,5.0
"Catfish Scheme",Keltraeng,4.0
"Caught in the Long Grass",K'leytai,2.0
"Cautionary Cutlery",Eloin,3.0
"Ceremonial Spears",Gontrant,2.0
"Cermet Breaker",Keltraeng,4.0
"Chain of Command",Keltraeng,4.0
"Charting the Trends (L)",Eloin,3.0
"Chew the Fat",Swygskyf,2.0
"Chewed Up and Snuffed Out",Eloin,3.0
"Chirurgeon Hand in Glove (L)",Eloin,3.0
"Choke Hold",Gontrant,2.0
"Choker in the Clutch",Keltraeng,4.0
"Circling the Ceruleum",Rurubana,2.0
"Citizen's Arrest",Eloin,3.0
"Citizens' Canes",Gontrant,2.0
"Claw Daddy",T'mokkri,2.0
"Claw-struck",Ourawann,2.0
"Cleansing the Wicked Humours",Eloin,3.0
"Clearing Steer",Nahctahr,2.0
"Cleaving the Glim",T'mokkri,2.0
"Clogs of War",Gontrant,2.0
"Clothing the Naked Truth",Eloin,3.0
"Cloud Cutlet",Wyrkholsk,2.0
"Coat the Harm (L)",Eloin,3.0
"Cobalt Aforethought",T'mokkri,2.0
"Coeurl Scratch Fever",Aileen,2.0
"Colder than Steel",Cimeaurant,2.0
"Comfort Me with Mushrooms",K'leytai,2.1
"Composition",Keltraeng,4.0
"Compost with the Most",Muriaule,2.0
"Compulsory Conjury",Muriaule,2.0
"Confections of Confession (L)",Eloin,3.0
"Consecrating Congregation",Eloin,3.0
"Conserving Combat",Eirikur,5.0
"Conspicuous Conjuration",Nyell,2.0
"Convalescence Precedes Essence",T'mokkri,2.0
"Cook Intentions",Swygskyf,2.0
"Cooking for the Future",Eirikur,5.0
"Cooking with Gas",T'mokkri,2.0
"Cool to Be Southern",Eustace,2.0
"Copious Crystal Cannons",Eirikur,5.0
"Copper and Robbers",Eustace,2.0
"Coral on My Mind",Eustace,2.0
"Coral-lary",Keltraeng,4.0
"Coral-lation",Keltraeng,4.0
"Cover Girl",T'mokkri,2.0
"Cower to the People",Cimeaurant,2.0
"Crab Corps",Eirikur,5.0
"Crab Life by the Horns",Orwen,2.0
"Crafty Concoctions",Eirikur,5.0
"Craic of Dawn",Keltraeng,4.0
"Creature Feature",H'amneko,2.0
"Crisscrossing",Keltraeng,4.0
"Crunching the Numbers",Eustace,2.0
"Cry Home",Eloin,3.0
"Crystal Chronicles",Eloin,3.0
"Crystal Meds",Eirikur,5.0
"Crystal Mess",K'leytai,2.0
"Crystallized Revenge",Eirikur,5.0
"Culinary Concepts",Eirikur,5.0
"Culture Club",T'mokkri,2.0
"Curb the Gnawing Feeling (L)",Eloin,3.0
"Curbing the Contagion (L)",Eloin,3.0
"Cure for What Ails",Eirikur,5.0
"Curtains for Pleco",Keltraeng,4.0
"Cutting Deals",Keltraeng,4.0
"Daddy's Little Girl",Gontrant,2.0
"Dance, Magic Dance",Eloin,3.0
"Dancing with the Stars",Nyell,2.0
"Dandelion Don't Tell No Lies",Eloin,3.0
"Dappling the Highlands (L)",Eloin,3.0
"Darkly Dreaming Dexterity (L)",Eloin,3.0
"Days of Chunder",Graceful Song,2.0
"Dead Can't Defang",Cimeaurant,2.0
"Dead Man Walking",H'amneko,2.0
"Dead Men Lie",Esmond,2.0
"Deal with It (L)",Eloin,3.0
"Dealing with the Tough Stuff",K'leytai,2.0
"Death with Indignity",Poponagu,2.0
"Deep-sea Diving",Eirikur,5.0
"Desperate for Diversionaries (L)",Eloin,3.0
"Devil Take the Foremost",Poponagu,2.0
"Diamond Sawdust",Eloin,3.0
"Digging Deep",Tierney,2.0
"Dine or Spine",Eloin,3.0
"Dining with Dravanians",Eloin,3.0
"Dirt Cheap",Totonowa,2.0
"Distill and Know that I'm Right",T'mokkri,2.0
"Distill It Yourself",Wyrkholsk,2.1
"Distill, My Heart",Eustace,2.0
"Do My Little Turn on the Stonewalk (L)",Eloin,3.0
"Do They Ore Don't They",Graceful Song,2.0
"Do You Even String Bow? ",Eloin,3.0
"Dodge Once, Cut Twice",Eirikur,5.0
"Dodging the Draft (L)",Eloin,3.0
"Does This Look Infected?",Eloin,3.0
"Dog Tags Are for Dogs",Nyell,2.0
"Don't Ask Wyvern",Eloin,3.0
"Don't Be So Tallow",Graceful Song,2.0
"Don't Come Back",Eloin,3.0
"Don't Eat the Shrooms",Eloin,3.0
"Don't Fear the Reaper",Nahctahr,2.0
"Don't Forget to Cry",Rurubana,2.0
"Don't Forget to Take Your Meds",Eustace,2.0
"Don't Hit Me One More Time",Wyrkholsk,2.0
"Don't Let It Fall Apart",Eloin,3.0
"Don't Sash Me",Eustace,2.0
"Don't Scuttle with Scuta",Eloin,3.0
"Don't Sweat the Role",Keltraeng,4.0
"Don't Sweat the Small Fry",Eloin,3.0
"Don't Tear Down This Wall",Kikiri,2.0
"Don't Touch Our Stuff",Eugene,2.0
"Don't Trew So Hard",Eustace,2.0
"Don't Turn Up Your Nose",T'mokkri,2.0
"Double Dose of Impin'",Eugene,2.0
"Doublet Jeopardy",Eustace,2.0
"Down on the Pharm",Wyrkholsk,2.0
"Dragonproofing",Eloin,3.0
"Dragoon Drop Rate",Eloin,3.0
"Drakes' Misfortune",Esmond,2.0
"Dream a Little Dream",Eirikur,5.0
"Dreams of War, Dreams of Liars, Dreams of Dragon Fire",Eloin,3.0
"Dress Code Violation (L)",Eloin,3.0
"Dress for Aggress",Haisie,2.0
"Drinking to Your Health",K'leytai,2.0
"Dripping with Venom",Nyell,2.0
"Driving up the Wall",Gontrant,2.0
"Dunes of Our Lives",Keltraeng,4.0
"Duress Rehearsal",Keltraeng,4.0
"Earth Sprites Are Easy",Poponagu,2.0
"Earthbound",Poponagu,2.0
"East Bank Story",Muriaule,2.0
"Eating Like the Natives (L)",Eloin,3.0
"Eco-Warrior of Light",Eirikur,5.0
"Edge of the Arcane",Keltraeng,4.0
"Edmelle's Hair",Eustace,2.0
"Eiderdown for Eidolons",Poponagu,2.0
"Either Love Them or Kill Them",Graceful Song,2.0
"Elemental Housekeeping",Nyell,2.0
"Embroiling Embroidery",Eloin,3.0
"Emerald Soup for the Soul (L)",Eloin,3.0
"Empire Builder",Voilinaut,2.0
"Employee Retention",Voilinaut,2.0
"En Garde and on Guard",Keltraeng,4.0
"Enlistment Highs",Eirikur,5.0
"Everybody Cut Footloose",T'mokkri,2.0
"Everybody's Heard About the 'Berd",Keltraeng,4.0
"Everything Is Impossible",Eustace,2.0
"Eviction Notice (L)",Eloin,3.0
"Evil Seeds",Muriaule,2.0
"Exotic Remedies (L)",Eloin,3.0
"Exploiting the Adroit (L)",Eloin,3.0
"Eye for an Eye",Cimeaurant,2.0
"Eye of the Beholder",Nahctahr,2.0
"Eyes Bigger than the Plate",T'mokkri,2.0
"Eyes on a Hard Body",T'mokkri,2.0
"Faerie Fish",Eirikur,5.0
"Faith and Fashion",Cimeaurant,2.0
"Fake-icite",Eloin,3.0
"Family Comes First (L)",Eloin,3.0
"Family Secrets",Voilinaut,2.0
"Fanning the Flames",Haisie,2.0
"Far from the Vine",Wyrkholsk,2.0
"Farriers of Fortune",T'mokkri,2.0
"Fashion Patrol",Eloin,3.0
"Fashion Weak",T'mokkri,2.0
"Feast of All Soles",T'mokkri,2.0
"Feasting the Night Away",T'mokkri,2.0
"Feathered Foes",Haisie,2.0
"Feathers Unsullied",Eloin,3.0
"Feeding Frenzy",T'mokkri,2.0
"Felt for the Fallen",Eloin,3.0
"Fever Pitch",T'mokkri,2.0
"Field of Beans",Totonowa,2.0
"Field Testing",Orwen,2.0
"Field Trip to the Unknown (L)",Eloin,3.0
"Fifty Shields of Blades (L)",Eloin,3.0
"File That under Whatever",T'mokkri,2.0
"File under Dull",Keltraeng,4.0
"Filling in the Blanks",Eloin,3.0
"Finger on the Pulse",Eloin,3.0
"Fire and Hide",Gontrant,2.0
"Fire for Hire",Keltraeng,4.0
"Fire Sale",Eirikur,5.0
"First They Came for the Heretics",Cimeaurant,2.0
"First to Reave",Orwen,2.0
"Fish Box",Keltraeng,4.0
"Fish by Many Other Names",Swygskyf,2.0
"Fish for Days",Eirikur,5.0
"Fish Oils and Forgotten Spoils",Eloin,3.0
"Fisher of Men",Swygskyf,2.0
"Fishing 101",Nyell,2.0
"Fishing for Profits (L)",Eloin,3.0
"Fishing off the Company Pier",Haisie,2.1
"Fishy Revelations",Wyrkholsk,2.0
"Fit for a Friend",Eirikur,5.0
"Fits to a Tea",Keltraeng,4.0
"Fitting In",Keltraeng,4.0
"Flakes for Friends",Orwen,2.0
"Flax Wax",Eirikur,5.0
"Flintstone Fight",Gontrant,2.0
"Flower Power",Esmond,2.0
"Flowers for Algae Run",Keltraeng,4.0
"Food Chain Reaction",Nyell,2.0
"Food Fight",Nyell,2.0
"Food for Thought",Kikiri,2.0
"Fool Me Once (L)",Eloin,3.0
"Fool Me Twice",Nyell,2.0
"Foot Blues",Voilinaut,2.0
"For Crumbs' Sake",Nyell,2.1
"For Vares Beyond Compare (L)",Eloin,3.0
"Foreign Exchange (L)",Eloin,3.0
"Forever 21K",Eustace,2.0
"Forged from the Void",Eloin,3.0
"Forgery of Convenience (L)",Eloin,3.0
"Forging Lance Base (L)",Eloin,3.0
"Freight and Barrel",Eloin,3.0
"Fresh Meat",Swygskyf,2.0
"Fresh off the Boat",Eirikur,5.0
"From Creepers to Squatters",Eloin,3.0
"From Mud to Mourning",Eloin,3.0
"From Ruins to Riches",Totonowa,2.0
"From the Sands to the Stage",Gontrant,2.0
"Fruit of the Loom (L)",Eloin,3.0
"Fry Me a River",Cimeaurant,2.0
"Fueling the Flames",Nyell,2.0
"Full Moon Fever",Eustace,2.0
"Full of Fish",Eirikur,5.0
"Fuss in Boots",K'leytai,2.0
"Garden Variety",Keltraeng,4.0
"Gathering Light",Cimeaurant,2.0
"Gegeruju Gets Down",Nahctahr,2.0
"Gentleman Donor",Eirikur,5.0
"Get a Little Bit Closer",Orwen,2.0
"Get into Their Heads",Wyrkholsk,2.1
"Get Me the Hard Stuff",T'mokkri,2.0
"Get Me the Usual",T'mokkri,2.0
"Get Me to the War on Time",Voilinaut,2.0
"Get off Our Lake",Eidhart,2.1
"Get Shirty",Nyell,2.0
"Get the Green Stuff",Nahctahr,2.0
"Getting a Leg Up",Keltraeng,4.0
"Getting Handsy",Nyell,2.0
"Girding for Glory",Eirikur,5.0
"Glad As a Hatter",Eustace,2.0
"Glazed and Confused",Eustace,2.0
"Glorified Hole-punchers",Eloin,3.0
"Glove Me Tender",Eirikur,5.0
"Gloves Come in Handy",Eirikur,5.0
"Go Ahead and Dig In",T'mokkri,2.0
"Go Home to Mama",Eidhart,2.1
"Go with the Flow",Cedrepierre,2.0
"Goblin Up Sharlayan (L)",Eloin,3.0
"Gods of Small Things",Eustace,2.0
"Going for Goat",Poponagu,2.0
"Going Green",Tierney,2.0
"Going Nowhere Fast",Cimeaurant,2.0
"Gold Is So Last Year",Eustace,2.0
"Good Business",Eirikur,5.0
"Good Eats in Ishgard",Voilinaut,2.0
"Gorgeous Gorget",Totonowa,2.0
"Got a Gut Feeling about This",Voilinaut,2.0
"Got Your Back",Muriaule,2.0
"Gotta Bounce",Graceful Song,2.0
"Grabbing Crabs",Swygskyf,2.0
"Grapevine of Wrath",Blue Herring,2.0
"Greaving",Keltraeng,4.0
"Greavous Losses",T'mokkri,2.0
"Green and Bear It",Eustace,2.0
"Greenstone for Greenhorns",Gontrant,2.0
"Gridania's Got Talent",Muriaule,2.0
"Grinding It Out",Nyell,2.0
"Grippy When Wet",Cimeaurant,2.0
"Ground to a Halt",Eirikur,5.0
"Growing Is Knowing",Nahctahr,2.0
"Growing Up",Eirikur,5.0
"Hair Do No Harm",Eirikur,5.0
"Hair-raising Action",Keltraeng,4.0
"Half Is the New Double",Nahctahr,2.0
"Halfhearted Effort",Eirikur,5.0
"Halone's Jewelry Box",Eloin,3.0
"Halonic Drake Handlers (L)",Eloin,3.0
"Halonic Hermeneutics",Eloin,3.0
"Hammer Time",Keltraeng,4.0
"Handle with Care",Gontrant,2.0
"Hands off Our Fish",Cimeaurant,2.0
"Hands On",Nyell,2.0
"Hang in There",Gontrant,2.0
"Hard Knock Life",Nahctahr,2.0
"Hat in Hand",Eustace,2.0
"Have a Nice Trip",Cimeaurant,2.0
"Have Blade, Will Travel",Keltraeng,4.0
"He Has His Quartz",Eustace,2.0
"He Wears the Pants",Eloin,3.0
"He's Got Legs",Eustace,2.0
"Headbangers' Thrall",T'mokkri,2.0
"Heads Up",Gontrant,2.0
"Heads Will Roll",Keltraeng,4.0
"Heal Away",Nyell,2.0
"Healing Headwear",Eirikur,5.0
"Heart to Heart",Eloin,3.0
"Hearth Maul",T'mokkri,2.0
"Heavy Hitter",Eirikur,5.0
"Heavy Metal Banned (L)",Eloin,3.0
"Hedging Bets",Eirikur,5.0
"Heinz's Dilemma (L)",Eloin,3.0
"Hello, Cousin (L)",Eloin,3.0
"Hells Bells",T'mokkri,2.0
"Here Comes the Hammer",Eirikur,5.0
"Herky Jerky",Keltraeng,4.0
"Hide to Go Seek",Keltraeng,4.0
"High Above Me, She Sews Lovely",Eloin,3.0
"High Steal",Keltraeng,4.0
"Hire in the Blood ",Graceful Song,2.0
"His Dark Utensils",Eirikur,5.0
"History Needs Some Revisions (L)",Eloin,3.0
"Hit Rock Bottom",Keltraeng,4.0
"Hitting Below the Belt",Eustace,2.0
"Hog Wild",Tierney,2.0
"Hold on Adamantite",Eloin,3.0
"Hollow Hallmarks",T'mokkri,2.0
"Home Cooking",Keltraeng,4.0
"Home Is Where the Heart Is",Eirikur,5.0
"Home Is Where the Heart Isn't",Eirikur,5.0
"Honest Ballast",Orwen,2.0
"Hora at Me",Graceful Song,2.0
"Horde of the Rings",Eirikur,5.0
"Horn of Plenty",Graceful Song,2.0
"Hot for Teacher",Nyell,2.0
"Hot Rod",Eirikur,5.0
"Hot Tub Clime Machine (L)",Eloin,3.0
"Hulls of Broken Dreams (L)",Eloin,3.0
"Hundred Fins for a Hundred Wings (L)",Eloin,3.0
"Hunger Is No Game",Keltraeng,4.0
"Hunting Heretics (L)",Eloin,3.0
"Hunting Season",Eirikur,5.0
"Hush Little Wailer",Nyell,2.0
"Hybrid Hypotheses",K'leytai,2.0
"Hybrid Theories (L)",Eloin,3.0
"Hypocritic Oath",Keltraeng,4.0
"I Am a Rock",Poponagu,2.0
"I Came, I Sawed, I Conquered (L)",Eloin,3.0
"I Could Feel That from Here",Eloin,3.0
"I Don't Zinc It's a Coincidence",Graceful Song,2.0
"I Kidd You Not",Nahctahr,2.0
"I Love Lamprey",Nyell,2.0
"I Maul Right",K'leytai,2.0
"I Need Your Glove Tonight",Eloin,3.0
"I Ram What I Ram",Eustace,2.0
"I Saw the Pine",Eloin,3.0
"I Saw What You Did There",Nyell,2.0
"I Was a Teenage Wailer",Nyell,2.0
"I'd Rather Be Digging",T'mokkri,2.0
"I'll Be Your Wailer Today",Eustace,2.0
"I'll Show You My Battle Shards",Eloin,3.0
"I'll Swap You",Voilinaut,2.0
"I'm a Lumberjack and I'm Okay (L)",Eloin,3.0
"I'm into Leather",Swygskyf,2.0
"I've Got You under My Skin",Cimeaurant,2.0
"I, Gladius",T'mokkri,2.0
"Idol Hands",Eirikur,5.0
"If a Leaf Falls in the Water",Keltraeng,4.0
"If a Tree Falls",Muriaule,2.0
"If I Could Walk a Thousand Malms",Eirikur,5.0
"If I'd a Koppranickel for Every Time...",Keltraeng,4.0
"If the Shoe Fits",Keltraeng,4.0
"If You Put It That Way",Lodille,2.1
"If You've Got It, Flaunt It",Voilinaut,2.0
"In a Pickle",Keltraeng,4.0
"In Hot Water",T'mokkri,2.0
"In over Your Head",Cimeaurant,2.0
"In Their Shoes",Gontrant,2.0
"In with the New",Gontrant,2.0
"Incant Now, Think Later",K'leytai,2.0
"Infestation Cessation",Tierney,2.0
"Ingot to Wing It",Keltraeng,4.0
"Ingot We Trust",T'mokkri,2.0
"Ink into Antiquity (L)",Eloin,3.0
"Instruments of Distraction",Eirikur,5.0
"Into the Storm",Eirikur,5.0
"Investing in the Future",Eloin,3.0
"It Goes Down Smoothly",Eloin,3.0
"It Goes with the Territory",H'amneko,2.0
"It Peiste to Listen",Totonowa,2.0
"It Will Knock Your Socks Off",Eloin,3.0
"It's a Trap",Nyell,2.0
"It's All about Execution",Eloin,3.0
"It's All in the Wrists (L)",Eloin,3.0
"It's Always Sunny in Vylbrand",Wyrkholsk,2.0
"It's Better (for You) Under the Sea",C'lafumyn,2.0
"It's Gonna Grow Back (L)",Eloin,3.0
"It's Hard Being Moogle",Nyell,2.0
"It's My Business to Know Things",Eustace,2.0
"It's Not a Job, It's a Calling",Voilinaut,2.0
"It's Only Love",Nahctahr,2.0
"It's the Circlet of Life (L)",Eloin,3.0
"Jack of All Plates",T'mokkri,2.0
"Jackal and the Livestock",Swygskyf,2.0
"Jailbird Break",Eloin,3.0
"Jelly Salad",Eirikur,5.0
"Jewelry for All",Eirikur,5.0
"Jewelry Is Forever",Eirikur,5.0
"Jewels for Jewelry",Eirikur,5.0
"Joined at the Waist",Eirikur,5.0
"Just Add Water",Swygskyf,2.0
"Just Call Me Late for Dinner",Nahctahr,2.0
"Just Cinch It",Gontrant,2.0
"Just for Kecks",Eustace,2.0
"Just Give Him a Serum",Eustace,2.0
"Just Making an Observation",Haisie,2.0
"Just Rewards for Just Devotion (L)",Eloin,3.0
"Just Rewards",Gontrant,2.0
"Just Starting Out",Eirikur,5.0
"Just the Artifacts, Madam",Nyell,2.0
"Just Washed (L)",Eloin,3.0
"Keep It under Wraps",Eustace,2.0
"Keep the Change",Nyell,2.0
"Keep Up with the Mechanics",Eloin,3.0
"Keep Your Powder Dry",T'mokkri,2.0
"Keeping Claw and Order",Eloin,3.0
"Keeping Loyalty",Eirikur,5.0
"Keeping Magic Alive",Eirikur,5.0
"Kill the Messenger",Eidhart,2.0
"Killer Cutlery",Keltraeng,4.0
"Killing Beasts Softly",Nyell,2.0
"Kindling the Flame",Eirikur,5.0
"King for a Day",Eustace,2.0
"Kiss of Life",Eustace,2.0
"Kiss the Pan (Good-bye)",T'mokkri,2.0
"Kitchen Casualties",Voilinaut,2.0
"Kitchen Nightmares No More",Nahctahr,2.0
"Kitty Get Your Helm",Nahctahr,2.0
"Knock on Wood (30)",Gontrant,2.0
"Knock on Wood (68)",Keltraeng,4.0
"Knowledge Is Power",Eirikur,5.0
"Ladies and Gentians",Eloin,3.0
"Laird of the Lakes",Voilinaut,2.0
"Lakeland's Legacy",Eirikur,5.0
"Lancers' Creed",Nyell,2.0
"Landing the Big One",Eloin,3.0
"Last of the Mhigans",Keltraeng,4.0
"Last Priest Profaned (L)",Eloin,3.0
"Leaves Much To Be Desired",Keltraeng,4.0
"Leaving without Leave",Muriaule,2.0
"Leek Soup for the Soul",Cimeaurant,2.0
"Legs for Days",Eirikur,5.0
"Lending a Hand",Cimeaurant,2.1
"Let Faith Light the Way",Eloin,3.0
"Let Loose the Juice",Keltraeng,4.0
"Let the Sun Shine In",Muriaule,2.0
"Let's Not Get Sappy",Eloin,3.0
"Let's Talk about Hex",Eustace,2.0
"License to Heal",Eloin,3.0
"Life Ends at Retirement (L)",Eloin,3.0
"Life's a Stitch",Tierney,2.0
"Light in the Darkness",K'leytai,2.0
"Lighter Wallets",Keltraeng,4.0
"Like Lemon on a Lumbercut (L)",Eloin,3.0
"Like Ma Used to Make (L)",Eloin,3.0
"Liquid Persuasion",T'mokkri,2.0
"Little Lost Lamb",Cimeaurant,2.0
"Little Orphan Candy",Eloin,3.0
"Live Freelance or Die",Nahctahr,2.0
"Living Bow to Mouth (L)",Eloin,3.0
"Loaves and Fishes (L)",Eloin,3.0
"Location, Location, Location",Nyell,2.0
"Lode It Up",Eustace,2.0
"Long Hair, Long Life",Graceful Song,2.0
"Look Before You Leap",Eloin,3.0
"Look How They Shine for You",Nyell,2.0
"Looking for Glove",Keltraeng,4.0
"Loose Lips Heal (Broken) Hips",Eloin,3.0
"Loquacious",Keltraeng,4.0
"Love in the Time of Umbra",Eustace,2.0
"Love's Crumpets Lost",Nyell,2.0
"Lovely Latex",Muriaule,2.0
"Lovely Leggings",Eirikur,5.0
"Loving That Muffin Top",Eloin,3.0
"Lurchin' from Urchins (L)",Eloin,3.0
"Luxury Spillover (L)",Eloin,3.0
"Mad about You",Haisie,2.1
"Made by Apple in Coerthas",T'mokkri,2.0
"Magic Beans",Keltraeng,4.0
"Magic Mushrooms",Eirikur,5.0
"Maids of Honor (L)",Eloin,3.0
"Mail It In",Keltraeng,4.0
"Make a Fish",Voilinaut,2.0
"Make It Bigger",Eirikur,5.0
"Make Up Your Mind or Else",K'leytai,2.0
"Making Ends Meet",Eirikur,5.0
"Making Gloves Out of Nothing at All",Totonowa,2.0
"Making Your Mark",Keltraeng,4.0
"Man the Ore",Ourawann,2.0
"Man with a Dragon Earring (L)",Eloin,3.0
"Maple Stories",Qina Lyehga,2.0
"March of the Mandragoras",Wyrkholsk,2.0
"Marl-ementary Procedure",Eloin,3.0
"Marooned Minnow",Keltraeng,4.0
"Materia Worth",Keltraeng,4.0
"Maybe He's a Lion",Eloin,3.0
"Meat and Bleat",Cimeaurant,2.0
"Meat-lover's Special",Wyrkholsk,2.0
"Meddle in Metal",Keltraeng,4.0
"Medicinal Herbs",Eirikur,5.0
"Meet for Meat",Eirikur,5.0
"Men in Adamantite (L)",Eloin,3.0
"Men Who Scare Up Goats",Gontrant,2.0
"Mending Fences",T'mokkri,2.0
"Mending Wings (L)",Eloin,3.0
"Mercury Rising",Eustace,2.0
"Met a Sticky End",Graceful Song,2.0
"Metal Fatigue",Voilinaut,2.0
"Metal Has No Master",K'leytai,2.0
"Militia on My Mind",Gontrant,2.0
"Mind over Muzzle",Gontrant,2.0
"Mindful Medicine",Eirikur,5.0
"Mine All Mine",Keltraeng,4.0
"Miners' Holiday",Graceful Song,2.0
"Mite and Madness",Tierney,2.0
"Mixology",Eirikur,5.0
"Modest Beginnings",Keltraeng,4.0
"Monkey Business",Qina Lyehga,2.0
"Moon in Rouge",Nyell,2.0
"More than Meets the Eye",Nyell,2.0
"More Than One Way (L)",Eloin,3.0
"Morning Glass of Ether",Eustace,2.0
"Mors Dagger",T'mokkri,2.0
"Mortal Munchies",Cedrepierre,2.0
"Mortarin'",Eloin,3.0
"Moving Up in the World",T'mokkri,2.1
"Muffin of the Morn (L)",Eloin,3.0
"Mushroom Gobblin'",Nyell,2.0
"Music to Their Ears",Nyell,2.0
"My Own Private Shell",Orwen,2.0
"My Sole to Take",Gontrant,2.0
"Mythril Madness",Cimeaurant,2.0
"Nature Calls",Nahctahr,2.0
"Nature Is a Monster",Voilinaut,2.0
"Neck on the Line",Eirikur,5.0
"Necklet of Champions",Nyell,2.0
"Necrologos: Brand of the Impure",Merthelin,2.0
"Necrologos: Cinerary Rite",Cimeaurant,2.0
"Necrologos: Fluid Corruption",Esmond,2.0
"Necrologos: His Treasure Forhelen (L)",Eloin,3.0
"Necrologos: His Treasure Forhelen",Eloin,3.0
"Necrologos: Igneous Moil",Aileen,2.0
"Necrologos: Igneous Toil",Nahctahr,2.0
"Necrologos: Of Sallow Vizards (L)",Eloin,3.0
"Necrologos: Of Sallow Vizards",Eloin,3.0
"Necrologos: Olidious Separation",Nyell,2.0
"Necrologos: Pale Oblation",Rurubana,2.0
"Necrologos: The Beholders",Nyell,2.0
"Necrologos: The Liminal Ones",K'leytai,2.0
"Necrologos: The Noctambulist",Esmond,2.0
"Necrologos: Whispers of the Gem",Voilinaut,2.0
"Nectar of the Goddess (L)",Eloin,3.0
"Need for Mead",Nyell,2.0
"Needful Rings",Eustace,2.0
"Needle in a Hingan Stack",Keltraeng,4.0
"Needles to Say",Graceful Song,2.0
"Needs More Egg",Eirikur,5.0
"Needs More Fervor (L)",Eloin,3.0
"Needs More Prayerbell",Eloin,3.0
"Negative, They Are Meat Popsicles (L)",Eloin,3.0
"Never Strikes Twice",Qina Lyehga,2.0
"New Necklaces",Eirikur,5.0
"Night Squawker",T'mokkri,2.0
"Nightmare on My Street",Gontrant,2.0
"Nip It in the Bud",Eirikur,5.0
"No Accounting for Waste",Voilinaut,2.0
"No Bark, All Bite",Muriaule,2.0
"No Big Whoop",Lodille,2.0
"No Country for Cold Men",Voilinaut,2.0
"No Egg to Stand On",Swygskyf,2.0
"No Hand-me-downs",Nyell,2.0
"No Leaves Left Behind",Nyell,2.0
"No Margarine of Error (L)",Eloin,3.0
"No More Dumpster Diving",T'mokkri,2.0
"No Othard Choice",Keltraeng,4.0
"No Bane, No Gain",Muriaule,2.0
"No Pain, No Grain",Wyrkholsk,2.0
"No Refunds, Only Exchanges",T'mokkri,2.0
"No Rest for the Thicket (L)",Eloin,3.0
"No Risk, No Reward",Nyell,2.1
"No Scope",Eirikur,5.0
"No Stone Unturned",Keltraeng,4.0
"Nobody Can Farm Marl, but Marl (L)",Eloin,3.0
"North Ore South",Voilinaut,2.0
"Nostalgia through the Stomach (L)",Eloin,3.0
"Not Cool Enough",Eustace,2.0
"Not Enough Headroom",Nyell,2.0
"Not Losing Our Heads This Time",Voilinaut,2.0
"Not on My Table",Eloin,3.0
"Not So Alike in Dignity",Voilinaut,2.0
"Not So Crystal Clear (L)",Eloin,3.0
"Not Taking No for an Answer",K'leytai,2.0
"Nothing Compares to Shrews",Graceful Song,2.0
"Nothing to Hide",Qina Lyehga,2.0
"Now We're Even",Cimeaurant,2.0
"Nowhere to Slide",Nyell,2.0
"Nunh the Wiser",Keltraeng,4.0
"Nutbreaker Suite",Muriaule,2.0
"O Pine",Keltraeng,4.0
"O Say Can You Rock?",Keltraeng,4.0
"Observe and Protect",Graceful Song,2.0
"Ochus Bite, Leaves Bleed",Qina Lyehga,2.0
"Of Great Import",Keltraeng,4.0
"Of Mice and Demons",Eugene,2.0
"Off the Cuff",Keltraeng,4.0
"Off to a Good Staff",Eirikur,5.0
"Official Strategy Guide",Keltraeng,4.0
"Oh No Udon",Keltraeng,4.0
"Old Victories, New Tastes",Eloin,3.0
"Old-school Spooling (L)",Eloin,3.0
"Omelette's Be Friends",T'mokkri,2.0
"On a Full Stomach",Eirikur,5.0
"On My Own Two Feet (L)",Eloin,3.0
"On the Drip",Eustace,2.0
"On the Lamb",Wyrkholsk,2.0
"On the Move",Gontrant,2.0
"On Their Feet Again",Qina Lyehga,2.0
"One and Only",Nyell,2.0
"One Big Problem Solved",Eidhart,2.0
"One Foot Forward",Eirikur,5.0
"One for the Books",Eustace,2.0
"One for the Road",Totonowa,2.0
"One Last Meal",Eirikur,5.0
"One Man's Trash",Eustace,2.0
"One of Our Naturalists Is Missing",K'leytai,2.0
"One Ring Circus",Keltraeng,4.0
"One Winged Angle",Keltraeng,4.0
"Only the Best",Tierney,2.0
"Open to Attack",Nyell,2.0
"Open Your Grimoire to Page 42",Cimeaurant,2.0
"Ore for Me",Keltraeng,4.0
"Our Man in Ul'dah",Eustace,2.0
"Out of Body, Out of Mind",Totonowa,2.0
"Out on a Limb",T'mokkri,2.0
"Out to Sea",Nahctahr,2.0
"Over the Underbrush",Nyell,2.0
"Overall, We Blend In",Eloin,3.0
"Packing a Punch",Nyell,2.0
"Packmen",Muriaule,2.0
"Packs a Punch",Eirikur,5.0
"Pagan Pastries",Voilinaut,2.0
"Pan That Laid the Golden Egg",Eloin,3.0
"Pants Are Not Enough",Poponagu,2.0
"Pantser Corps",Nyell,2.0
"Papal Dispensation",Lodille,2.1
"Parasitic Win",K'leytai,2.0
"Party Animals",Eustace,2.0
"Patience, Young Grasshopper (L)",Eloin,3.0
"Patient Patients",Eirikur,5.0
"Peace in Rest",Eirikur,5.0
"Peculiar De-light",Keltraeng,4.0
"Peddle to the Metal",Swygskyf,2.0
"Penned-up Frustration",Keltraeng,4.0
"Pep-stepper",Keltraeng,4.0
"Perfecting the Posture",Eloin,3.0
"Perhaps Not-So-Common",Keltraeng,4.0
"Peril Never Wore Safety Goggles (L)",Eloin,3.0
"Perk of Fiction",Eustace,2.0
"Permit for Destruction of Religious Property",Eloin,3.0
"Persimmony Snicket",Keltraeng,4.0
"Persona non Gratin",Eloin,3.0
"Persuasion of a Higher Power",Eloin,3.0
"Pest Problems",Eirikur,5.0
"Pets Are Family Too",Voilinaut,2.0
"Pick Your Poison",Haisie,2.1
"Picking Up the Piercers",Muriaule,2.0
"Picnic Panic",Nyell,2.0
"Piercing Eyes Deserve Piercing Shafts (L)",Eloin,3.0
"Piling It On",Eustace,2.0
"Pinewheel",Keltraeng,4.0
"Pining",Keltraeng,4.0
"Pipikkuli's Ship Comes In",Graceful Song,2.0
"Pipira Pirouette",Eloin,3.0
"Plague on Both Our Forests",Voilinaut,2.0
"Play It By Ear",Keltraeng,4.0
"Playing the Market",Eirikur,5.0
"Playing the Part",Gontrant,2.0
"Please Halone, Tell Me I'm Still Asleep",Eloin,3.0
"Plus One or Two or Three (L)",Eloin,3.0
"Point of Honor",Totonowa,2.0
"Point Them with the Sticky End",Nahctahr,2.0
"Polearms Aplenty",Nyell,2.0
"Polished till They Shine (L)",Eloin,3.0
"Pom Hemlock (L)",Eloin,3.0
"Pommeling the Enemy (L)",Eloin,3.0
"Poor Boys Eat Well",Wyrkholsk,2.0
"Pop That Top",K'leytai,2.0
"Pork Is a Salty Food",T'mokkri,2.0
"Port of Call: Ul'dah",T'mokkri,2.0
"Powderpost Derby",Nyell,2.0
"Prayer and Prejudice (L)",Eloin,3.0
"Pre-octopied",Keltraeng,4.0
"Pretty as a Picture",T'mokkri,2.0
"Pretty Enough to Eat",T'mokkri,2.0
"Pride Up in Smoke",Eloin,3.0
"Private Concerns",Eustace,2.0
"Procession of the Noble",Graceful Song,2.0
"Proly Hatchet",T'mokkri,2.0
"Proper Props",Keltraeng,4.0
"Prophet of Profit",Eirikur,5.0
"Protecting the Nuts",Eirikur,5.0
"Pulling Them to the Grind (L)",Eloin,3.0
"Pummeling Abroad",Eloin,3.0
"Punching Your Way to Success",Eloin,3.0
"Puppet Show",Eloin,3.0
"Purified Polyrhythm (L)",Eloin,3.0
"Put a Lid on It",Nyell,2.0
"Put on Your Party Pants",Nahctahr,2.0
"Put the Metal to the Peddle",Keltraeng,4.0
"Put Your Stomp on It",K'leytai,2.0
"Putting on Airs (L)",Eloin,3.0
"Putting the Squeeze On",Wyrkholsk,2.0
"Putting the Zap on Nature",K'leytai,2.0
"Putting Your Line on the Neck",Keltraeng,4.0
"Quality over Quantity",Gontrant,2.0
"Quelling Bloody Rumors",Gontrant,2.0
"Quenching the Flame (L)",Eloin,3.0
"Quicker than Sand",Nyell,2.0
"Quit Loafing Around",Eloin,3.0
"Quit Your Jib-jab",Eustace,2.0
"Rage against the Scream (L)",Eloin,3.0
"Raise the Roof",Gontrant,2.0
"Raising the Dragoons (L)",Eloin,3.0
"Rationally Speaking",Voilinaut,2.0
"Re-crating the Scene",Gontrant,2.0
"Read the Fine Print",Eustace,2.0
"Ready for a Rematch",Voilinaut,2.0
"Ready Ore Not",Keltraeng,4.0
"Recipe for Disaster (L)",Eloin,3.0
"Red in the Head",Gontrant,2.0
"Red Letter Day",K'leytai,2.0
"Red Stead Redemption",Wyrkholsk,2.0
"Reeking Havoc",Totonowa,2.0
"Reeling for Rods",Keltraeng,4.0
"Refugee Raw",Nyell,2.0
"Renascence Man",Nahctahr,2.0
"Renting Mortality",Keltraeng,4.0
"Return to Sender (L)",Eloin,3.0
"Revisiting Raimdelle",Nyell,2.0
"Rhalgr Wood Too",Keltraeng,4.0
"Ribbon of Remembrance",Eloin,3.0
"Riches' Brew",Eustace,2.0
"Ring in the New",Keltraeng,4.0
"Ring of Reciprocity (L)",Eloin,3.0
"Rise and Dine",Cimeaurant,2.0
"River Raid",Muriaule,2.0
"Riveting Run",T'mokkri,2.0
"Rivets Run through It",Eloin,3.0
"Road Rage",Graceful Song,2.0
"Road to Recovery",Eirikur,5.0
"Road Worriers",C'lafumyn,2.0
"Roast Lamb with Mint and Hellfire",Haisie,2.1
"Rock My Wall",Nyell,2.0
"Rocks for Brains",Cimeaurant,2.0
"Rocks from Rak'tika",Eirikur,5.0
"Rodents of Unusual Size",Wyrkholsk,2.0
"Rolanberry Fields Forever",Voilinaut,2.0
"Rolling on Initiative",Eloin,3.0
"Romper Stomper",T'mokkri,2.0
"Root Rush",Eustace,2.0
"Rope a 'Lope",Nyell,2.0
"Rose Never Lets Go (L)",Eloin,3.0
"Rubble Bubble",Graceful Song,2.0
"Rumor Has It",Keltraeng,4.0
"Run Before They Walk",Keltraeng,4.0
"Run, Run Away",Esmond,2.0
"Rustic Repast",Orwen,2.0
"Sacrilege Neutralized (L)",Eloin,3.0
"Saddle Sore",Gontrant,2.0
"Safety First",Eirikur,5.0
"Salad Days",Cimeaurant,2.0
"Sanity Points",Poponagu,2.0
"Satisfactory Sewing",Eirikur,5.0
"Saucy for a Suitor",Eloin,3.0
"Saved by the Sauce (L)",Eloin,3.0
"Saving Bessy",Cimeaurant,2.0
"Saw, Shank, and Redemption (L)",Eloin,3.0
"Say It with Spears",Tierney,2.0
"Say Yes to Formal Dress",Keltraeng,4.0
"Scavenger Hunt (L)",Eloin,3.0
"Scent of a Roselet",Tierney,2.0
"Scheduled Maintenance",Eirikur,5.0
"Science Shindig",Eidhart,2.1
"Scourge of the Saplings",Muriaule,2.0
"Scraptacular",Keltraeng,4.0
"Scripture Is the Best Medicine (L)",Eloin,3.0
"Scroll Down",Keltraeng,4.0
"Sea-saw",Keltraeng,4.0
"Secondhand Smoke Screen (L)",Eloin,3.0
"Secret Stones",Eirikur,5.0
"Security Breeches",Keltraeng,4.0
"See How They Shine",K'leytai,2.0
"See Shields by the Sea Shore",Keltraeng,4.0
"Seeds for the Sick",Eirikur,5.0
"Seeing It Through to the End",Eustace,2.0
"Seemed Like the Thing to Get",Cimeaurant,2.0
"Selective Logging",Eirikur,5.0
"Send a Feeling to My Spine (L)",Eloin,3.0
"Sense of Entitlement",Eloin,3.0
"Set in Stone",Keltraeng,4.0
"Setting the Stage",Keltraeng,4.0
"Sew Not Doing This",K'leytai,2.0
"Shaken, Not Stirred",Nyell,2.0
"Sharlayan Sympathizers (L)",Eloin,3.0
"Sharp Words",Poponagu,2.0
"She's So Mean",Cedrepierre,2.0
"Sheer Distill Power (L)",Eloin,3.0
"Shell Game",Nahctahr,2.0
"Shielded by Bureaucracy (L)",Eloin,3.0
"Shielded Life",Keltraeng,4.0
"Shielding Sales",Tierney,2.0
"Shielding the Realm",Eirikur,5.0
"Shields for the Serpents",Gontrant,2.0
"Shock Therapy",Swygskyf,2.0
"Shoe on the Other Foot",Keltraeng,4.0
"Short-term Gains",Eirikur,5.0
"Shouldering the Shut-ins (L)",Eloin,3.0
"Show Your Work",Eloin,3.0
"Shrug It On",Keltraeng,4.0
"Shut Up Already",K'leytai,2.0
"Shut Up and Take My Gil",Eustace,2.0
"Shy Is the Oyster",T'mokkri,2.0
"Sign of the Crimes",Voilinaut,2.0
"Signed, Shield, Delivered",Eirikur,5.0
"Silver Bar of Upcycling (L)",Eloin,3.0
"Simply Marble Us",Keltraeng,4.0
"Simply the Best",Tierney,2.0
"Sir, Dost Thou Even Heft",Eloin,3.0
"Six Hours in a Leaky Boat",Eloin,3.0
"Skillet Labor",T'mokkri,2.0
"Skillet Scandal",Nahctahr,2.0
"Skillet to the Stars",Cimeaurant,2.0
"Skillet with Fire (L)",Eloin,3.0
"Skills on Display",Keltraeng,4.0
"Skin Deep",Totonowa,2.0
"Skin off Their Backs",Gontrant,2.0
"Skirt Chaser",Gontrant,2.0
"Sky Is the Limit",Eloin,3.0
"Slave to Fashion",Nahctahr,2.0
"Sleep on It",Eirikur,5.0
"Sleeper Creeper",K'leytai,2.0
"Sleepless in Silvertear",Eustace,2.0
"Slimming Down",Eirikur,5.0
"Slippery Service",Eirikur,5.0
"Slow Wash, Rapids Jumper",Keltraeng,4.0
"Smells of Rich Tama-hagane",Keltraeng,4.0
"Smelt and Dealt",T'mokkri,2.0
"Snail Fail",K'leytai,2.0
"Snipped for Spirituality (L)",Eloin,3.0
"So You Think You Can Lance?",Eloin,3.0
"Soft Shoe Shuffle",Gontrant,2.0
"Sol Survivors",Nahctahr,2.0
"Sole Survivor",Nahctahr,2.0
"Sole Traders",Gontrant,2.0
"Solo Out the Bolo",Eloin,3.0
"Some Dragoons Have All the Luck",T'mokkri,2.0
"Someone Put Dung in My Helmet",Eloin,3.0
"Someone's Got a Big Mouth",Lodille,2.0
"Someone's in the Doghouse",Rurubana,2.0
"Something in My Eye",Eirikur,5.0
"Something in the Mead",Qina Lyehga,2.0
"Sometimes the South Wins",Eloin,3.0
"Soot in My Hair and Scars on My Hands (L)",Eloin,3.0
"Sophomore Slump",Eustace,2.0
"Sought-after Spices",Eirikur,5.0
"Sounds Fishy to Me",Nyell,2.0
"Soup for the Soldier",Eirikur,5.0
"Soup for the Soul",Keltraeng,4.0
"Soup That Eats Like a Knight",Eloin,3.0
"Soup to Guts",Wyrkholsk,2.0
"Soup's On (L)",Eloin,3.0
"Souper",Keltraeng,4.0
"Spare a Rod and Spoil the Fishers",Keltraeng,4.0
"Speak Softly and Carry a Metal Rod",Keltraeng,4.0
"Spear of Heaven",Cimeaurant,2.0
"Spears and Sorcery",Gontrant,2.0
"Spears for Stone Vigilantes (L)",Eloin,3.0
"Spell-rebound",Keltraeng,4.0
"Spellbound",Keltraeng,4.0
"Spelling Me Softly",K'leytai,2.0
"Spew Forth and Spawn",Eloin,3.0
"Spice Cadet",T'mokkri,2.0
"Spin It Like You Mean It",Gontrant,2.0
"Spiritual Ventures",Eirikur,5.0
"Spirituality Inspector",Eloin,3.0
"Splendor in the Glass",Wyrkholsk,2.0
"Splinter in the Sewers",Eloin,3.0
"Spoony Is the Bard",Keltraeng,4.0
"Springtime for Coerthas",Cimeaurant,2.0
"Stadium Envy",Swygskyf,2.0
"Stainless Chef",T'mokkri,2.0
"Standing on Ceremony",Keltraeng,4.0
"Starting Off on the Wrong Foot",Eloin,3.0
"Starting Young (L)",Eloin,3.0
"Stay for a Vile",Muriaule,2.0
"Stay on Target",Gontrant,2.0
"Steeling the Knife, Steeling the Mind",Eloin,3.0
"Step by Steppe",Keltraeng,4.0
"Stepping on My Heart with Stilettos (L)",Eloin,3.0
"Stew for Two",Qina Lyehga,2.0
"Sticking It Out",Eloin,3.0
"Sticking Their Necks Out",Muriaule,2.0
"Sticks and Stones (L)",Eloin,3.0
"Still Crazy After All These Years",Orwen,2.0
"Still the Best",Swygskyf,2.0
"Storm of Swords",Nyell,2.0
"Storm upon Bald Mountain",Eloin,3.0
"Straight and Arrow",Voilinaut,2.0
"Strait Ain't the Gate",Wyrkholsk,2.0
"Strand by Me",Ourawann,2.0
"Streamlining Operations",Voilinaut,2.0
"Strike True",Eirikur,5.0
"Stuck in the Moment",Eustace,2.0
"Subduing the Subprime",Rurubana,2.0
"Subordinate Clause",Nahctahr,2.0
"Such a Butter Face",Eloin,3.0
"Sucked Dry",Orwen,2.0
"Sucker Seer",K'leytai,2.0
"Sucking on Face (L)",Eloin,3.0
"Suits You",Eirikur,5.0
"Summoning for Dummies",Eloin,3.0
"Summoning the Courage to Be Different (L)",Eloin,3.0
"Super Dark Times",Eirikur,5.0
"Supply Side Logic",Gontrant,2.0
"Supreme Official Strategy Guide",Eirikur,5.0
"Surgical Substitution (L)",Eloin,3.0
"Sweeping the Legs",Keltraeng,4.0
"Sweet Charity",K'leytai,2.0
"Sweet Kiss of Death",Keltraeng,4.0
"Sweet Smell of Success",Orwen,2.0
"Sweet Tooth",Eirikur,5.0
"Swords for Plowshares",Eloin,3.0
"Sylph Strands",Cedrepierre,2.0
"Tag, You're It",Nyell,2.0
"Tail in Tow",Orwen,2.0
"Taken for Granite",Eloin,3.0
"Taking Aim",Eirikur,5.0
"Talk about Boundaries",Eloin,3.0
"Talk to My Voidsent",Lodille,2.1
"Tally Ho, Chocobo",Eloin,3.0
"Talon Terrors",K'leytai,2.0
"Tan Before the Ban",Muriaule,2.0
"Tassets Approval (L)",Eloin,3.0
"Teetotally",Eirikur,5.0
"Tenderfoot Moments",K'leytai,2.0
"Tensions in Creasing (L)",Eloin,3.0
"Thank Heavenspillar",Keltraeng,4.0
"Thank You for Smoke Screening (L)",Eloin,3.0
"Thank You for Your Business",Wyrkholsk,2.0
"That's Some Fine Grinding",Nyell,2.0
"That's What the Money Is For",Nahctahr,2.0
"That's Why They Call It Fool's Gold",Totonowa,2.0
"Thaumaturge Is Magic",Eustace,2.0
"The Adventurer's New Coat",Eustace,2.0
"The Alloyed Truth",Wyrkholsk,2.0
"The Anointing of the Dead",Eloin,3.0
"The Aquariums of Ishgard",Eloin,3.0
"The Area's a Bit Sketchy",Voilinaut,2.0
"The Aroma of Faith",Eloin,3.0
"The Arsenal of Theocracy",Gontrant,2.0
"The Awry Salvages",Eidhart,2.0
"The Baddest Brigade in Town",Haisie,2.0
"The Bango Zango Diet",Swygskyf,2.0
"The Bards' Guards",Gontrant,2.0
"The Basics of Forgery (L)",Eloin,3.0
"The Big Red",Eustace,2.0
"The Bigger the Blade",Keltraeng,4.0
"The Birdmen of Ishgard",Gontrant,2.0
"The Bitter, the Better",Eloin,3.0
"The Bleat Is On",Graceful Song,2.0
"The Bloodhounds of Coerthas",Lodille,2.1
"The Blue Period",Nahctahr,2.0
"The Bride Aquatic",Eirikur,5.0
"The Burning Reason",Kikiri,2.0
"The Cinders of Modesty (L)",Eloin,3.0
"The Clamor for Hammers (L)",Eloin,3.0
"The Clothes off Her Back",Eloin,3.0
"The Cold, Cold Ground",Cimeaurant,2.0
"The Cost of Living",Blue Herring,2.0
"The Creeps from Work",Eugene,2.0
"The Cure",Wyrkholsk,2.0
"The Cut Alembical Cord",Eloin,3.0
"The Darkest Hearth",Eloin,3.0
"The Deathliest Catch",Ourawann,2.0
"The Deepest Cut",Orwen,2.0
"The Devil's Workshop",Nyell,2.0
"The Doom that Came to Belah'dia",Poponagu,2.0
"The Dotted Line",Keltraeng,4.0
"The Ear Is the Way to the Heart",Keltraeng,4.0
"The Eats of Authenticity (L)",Eloin,3.0
"The Egg Files",T'mokkri,2.0
"The Enterprise of Undeath",Poponagu,2.0
"The Fertile Incandescent",Swygskyf,2.0
"The Frier Never Lies",Keltraeng,4.0
"The Garden of Arcane Delights (L)",Eloin,3.0
"The Gauntlet Is Cast",Keltraeng,4.0
"The Goggles, They Do Naught",Eloin,3.0
"The Gold Experience",Eirikur,5.0
"The Grander Temple",Eloin,3.0
"The Grave of Hemlock Groves",Eloin,3.0
"The Hand that Bleeds",Nahctahr,2.0
"The Heart of the Hedge",Tierney,2.0
"The Hexster Runoff",Graceful Song,2.1
"The House Always Wins",Eustace,2.0
"The Hunt Continues",Eirikur,5.0
"The Law Won",Poponagu,2.0
"The Light Stripes",Ourawann,2.0
"The Lone Bowman",Nahctahr,2.0
"The Long and the Shortcrust",Nyell,2.0
"The Long Armillae of the Law",Eloin,3.0
"The Long Lance of the Law",Nahctahr,2.0
"The Lovely Hands of Haillenarte (L)",Eloin,3.0
"The Lumber of Their Discontent (L)",Eloin,3.0
"The Magic of Mining",Eirikur,5.0
"The Mast Chance",Eloin,3.0
"The Merits of Upcycling",Eloin,3.0
"The Midden Fair",Nahctahr,2.0
"The Missing Merchant",Poponagu,2.0
"The Monuments Mages",Eloin,3.0
"The Moral of the Coral",Orwen,2.0
"The Museum Is Closed",Eidhart,2.1
"The Mustache Suits Him",Eloin,3.0
"The Naked Blade",T'mokkri,2.0
"The Next to Last Supper",Eloin,3.0
"The Nightsoil Is Dark and Full of Terrors (L)",Eloin,3.0
"The Nutcracker's Sweets",Eloin,3.0
"The Only Cure",Eirikur,5.0
"The Ore the Better",Graceful Song,2.0
"The Ores Have It",Keltraeng,4.0
"The Palm in Your Hand",Nahctahr,2.0
"The Perks of Life at Sea",T'mokkri,2.0
"The Perks of Politics",Cimeaurant,2.0
"The Primrose Path",Graceful Song,2.0
"The Proper Precautions",Eirikur,5.0
"The Puppets of War (L)",Eloin,3.0
"The Quick and the Dead",Qina Lyehga,2.0
"The Right Tool for the Job",Eirikur,5.0
"The Righteous Tools for the Job",Gontrant,2.0
"The Road to Pilgrimage",Eloin,3.0
"The Road Was a Ribbon of Moonlight (L)",Eloin,3.0
"The Root of the Problem",Nyell,2.0
"The Rose and the Riveter (L)",Eloin,3.0
"The Search for Slag",Eirikur,5.0
"The Second Coming of Yak (L)",Eloin,3.0
"The Sour Patch Grids (L)",Eloin,3.0
"The Source of the Problem",Eirikur,5.0
"The Sprite of Competition",Swygskyf,2.0
"The Sting of Conscience",Cimeaurant,2.0
"The Sweetest Syrup",Eirikur,5.0
"The Tao of Rabbits",Gontrant,2.0
"The Telltale Tress",Nyell,2.0
"The Third Prize Is that You're Slain",Kikiri,2.0
"The Thriller of Autumn (L)",Eloin,3.0
"The Transporter", Qina Lyehga,2.0
"The Tropes of the Trade",Voilinaut,2.0
"The Truth Will Set You Free",Nyell,2.0
"The Turning Point",Voilinaut,2.0
"The Tusk at Hand",Eustace,2.0
"The Unexpected Tourist",Eloin,3.0
"The Unfortunate Retirony",Eloin,3.0
"The Unkindest Cut",Wyrkholsk,2.0
"The Unmentionables",Eustace,2.0
"The Voice of the Fury",Eloin,3.0
"The Wages of Sin",Cimeaurant,2.0
"The Wailers' First Law of Potion",Nyell,2.0
"The Write Stuff",Nahctahr,2.0
"The Writing Is Not on the Wall",Eustace,2.0
"The Wyvern of It (L)",Eloin,3.0
"There Are No Good Answers",Cimeaurant,2.0
"There Can Be Only One",Keltraeng,4.0
"There Was a Late Fee",Eloin,3.0
"There's Sand in My Water (L)",Eloin,3.0
"There's Something about Bury",Poponagu,2.0
"These Boots Are Made for Hawkin' (L)",Eloin,3.0
"These Colors Run Not (L)",Eloin,3.0
"They Call It Bloody Mary (L)",Eloin,3.0
"They Call It the Kissing Disease",Eloin,3.0
"They Taste Just as Pretty",Wyrkholsk,2.0
"They've Got Legs",Nahctahr,2.0
"Thick and Thin",Keltraeng,4.0
"This Is Going to Sting, A Lot",H'amneko,2.0
"This Is Why You Can't Have Nice Things",Graceful Song,2.0
"This Old Fort",Voilinaut,2.0
"Through a Glass Brightly",Cimeaurant,2.0
"Through Sashes Come the Ashes (L)",Eloin,3.0
"Through Thick and Thin",Eloin,3.0
"Throw the Book at Him",Eugene,2.0
"Throwing Down the Gauntlet",Muriaule,2.0
"Tiger in the Sack",Keltraeng,4.0
"Timbr",Keltraeng,4.0
"Time for a Midnight Snack (L)",Eloin,3.0
"Time for Acton",Graceful Song,2.0
"Time to Fry",Eirikur,5.0
"Time to Upgrade",T'mokkri,2.0
"Tisket Tasset",T'mokkri,2.0
"To Kill a Dragon on Nameday (L)",Eloin,3.0
"To Protect My City, I Must Wear a Mask (L)",Eloin,3.0
"To the Teeth",Keltraeng,4.0
"To the Tops",Keltraeng,4.0
"Tomes Roam on the Range",Eloin,3.0
"Too Big to Miss (L)",Eloin,3.0
"Too Close to Home",Tierney,2.0
"Too Hot to Handle ",Gontrant,2.0
"Tools for the Tools",Gontrant,2.0
"Tools of the Trade",Orwen,2.0
"Topsy-turvy Time",K'leytai,2.0
"Touch and Heal",Gontrant,2.0
"Touch Me If You Can",Poponagu,2.0
"Tough Job Market",Voilinaut,2.0
"Toys of Summer",Nyell,2.0
"Trainin' the Neck",Eloin,3.0
"Training Is Only Skintight (L)",Eloin,3.0
"Transposing Theology (L)",Eloin,3.0
"Treat Them with Kid Gloves (L)",Eloin,3.0
"Treevenge",Nyell,2.0
"Trew Enough",Eustace,2.0
"Trial and Error",Eirikur,5.0
"Trident and Error",Gontrant,2.0
"Trout Fishing in Limsa",T'mokkri,2.0
"True Grits",T'mokkri,2.0
"Try Tricorne Again",Keltraeng,4.0
"Turban in Training",Eirikur,5.0
"Turnabout's Fair Play",K'leytai,2.0
"Turning Out the Blight",Tierney,2.0
"Twenty-nine Was the Cutoff",C'lafumyn,2.0
"Twice as Slice",Swygskyf,2.1
"Two Birds, One Culling",Eloin,3.0
"Two Yalms Under",Graceful Song,2.0
"Ultimate Official Strategy Guide",Keltraeng,4.0
"Unbeliebubble",Keltraeng,4.0
"Unbreak My Heart",Totonowa,2.0
"Unbreaker",Eloin,3.0
"Unconventional Weaponry (L)",Eloin,3.0
"Under Foot",Nahctahr,2.0
"Under the Fool Moon",Eirikur,5.0
"Underneath It All",Gontrant,2.0
"Understaffed",Eirikur,5.0
"Unleash the Hydro Cannons (L)",Eloin,3.0
"Unseamly Conditions",T'mokkri,2.0
"Unsung Generosity",Eirikur,5.0
"Untucked",Keltraeng,4.0
"Up the Creek",Nyell,2.0
"Using Your Arcane Powers for Fun and Profit",Eustace,2.0
"Valuing the Vintage (L)",Eloin,3.0
"Vanishing Point",Graceful Song,2.0
"Very Slow Array",T'mokkri,2.0
"Vested Interest",Keltraeng,4.0
"Victory Is Mine, Not Yours",Eugene,2.0
"Volunteering with Staff",Eloin,3.0
"Wail of a Tale",Tierney,2.0
"Waist Not, Want Not",T'mokkri,2.0
"Waking Wood",Muriaule,2.0
"Walk Like a Mandragora",Aileen,2.0
"Walk Softly and Carry a Big Halberd",Nahctahr,2.0
"Walk the Walk",Keltraeng,4.0
"Walking on Pins and Needles",Eloin,3.0
"Wall Not Found",Nyell,2.0
"Wand-full Tonight",Eustace,2.0
"Wants and Needles",Keltraeng,4.0
"War Is a Pain in the Back",Cimeaurant,2.0
"Warding Off Temptation",Eloin,3.0
"Ware and Chair",Eirikur,5.0
"Warm in Their Beds",Eloin,3.0
"Warmer than Wine",Eloin,3.0
"Washing Away the Sins (L)",Eloin,3.0
"Watch Me If You Can",Kikiri,2.0
"Watchers within the Walls (L)",Eloin,3.0
"Watching the Western Wall",Eloin,3.0
"Water of Life",Graceful Song,2.0
"Water, Water Everywhere",Muriaule,2.0
"We Can Dismember It for You Wholesale",Voilinaut,2.0
"We Couldn't Start the Fire",Muriaule,2.0
"We Didn't Start the Fire",Muriaule,2.0
"We Do This the Hard Way",Totonowa,2.0
"We're So Above This (L)",Eloin,3.0
"Wear Your Patriotic Pin",Cimeaurant,2.0
"Weathering Heights",Keltraeng,4.0
"Welcome to the Cotton Club",Totonowa,2.0
"West Bank Story",Tierney,2.0
"West Meats East",Keltraeng,4.0
"What a Sap",Wyrkholsk,2.0
"What Does Not Break Us, Devours Us (L)",Eloin,3.0
"What Goes Up",Eloin,3.0
"What Guides Want",Keltraeng,4.0
"What Not to Wear",Eloin,3.0
"What Peistes Crave",Totonowa,2.0
"What You Need",Qina Lyehga,2.0
"What's Yours Is Mine",Nyell,2.0
"Whatchoo Talking About",Nyell,2.1
"When in Robes (L)",Eloin,3.0
"When Rhalgr Met Nophica",Nyell,2.1
"When We Were Blings",Eustace,2.0
"Where the Dragonflies, the Net Catches",Eloin,3.0
"Where the Fur's At",Merthelin,2.0
"Whetstones for the Workers",Eirikur,5.0
"Whinier Than the Sword",Keltraeng,4.0
"Whip It",T'mokkri,2.0
"Whirled Peas",Nyell,2.0
"Whither the Morbol Goeth",Eloin,3.0
"Who Needs the Paperwork",Graceful Song,2.0
"Who War It Better",Keltraeng,4.0
"Who Writes History",Eidhart,2.0
"Why I Wear a Mask (L)",Eloin,3.0
"Wiggle Room",Graceful Song,2.0
"Win One Bow, Get Three Free (L)",Eloin,3.0
"Winter of Our Discontent",Cimeaurant,2.0
"Winter Weather Conditions",Eloin,3.0
"With a Bow on Top",Keltraeng,4.0
"With a Noise That Reaches Heaven (L)",Eloin,3.0
"With Bearings Straight",Eloin,3.0
"Wonder Wine",Aileen,2.0
"Wonders Don't Cease, They're Discontinued",K'leytai,2.0
"Wood That You Could",Keltraeng,4.0
"Woodcross Busydeal",Merthelin,2.0
"Wooden Ambitions (L)",Eloin,3.0
"Workplace Safety",Eustace,2.0
"Wrangling Raptors",Muriaule,2.0
"Wrap It Up",Keltraeng,4.0
"Wrap Those Wrists",Eirikur,5.0
"Wrapped Knuckles",Eirikur,5.0
"Wrong and Rite",Eugene,2.0
"Yellow Is the New Black",Lodille,2.0
"You Are NOT a Pirate",C'lafumyn,2.0
"You Burnt It, You Bought It",Eustace,2.0
"You Cannot Kill the Metal",Totonowa,2.0
"You Could Say It's a Moving Target",Eloin,3.0
"You Do the Heavy Lifting",Gontrant,2.0
"You Dropped Something",Lodille,2.0
"You Grow, Girl",Totonowa,2.0
"You Look Good Enough to Eat",Voilinaut,2.0
"You Put Your Left Hand In",Nyell,2.0
"You Spin Me Round",T'mokkri,2.0
"You Stay on That Side",T'mokkri,2.0
"You're a Liar, Mansel Black",Eugene,2.0
"You're My Wonderhall",Eirikur,5.0
"You've Got Mail",T'mokkri,2.0
"Your Courtesy Wake-up Call",Eustace,2.0
"Your Mother Is Medicine and Your Father Is the Wild",Eloin,3.0
"Your Tasset's Hanging Out",Eloin,3.0
"Yummy in the Tummy",Wyrkholsk,2.0
"Zelkova, My Love",Keltraeng,4.0
